{"cameraMode":{"drawMode":0,"name":"Shaded","section":"Shading Mode"},"sceneLighting":true,"audioPlay":false,"sceneViewState":{"showFog":true,"showMaterialUpdate":true,"showSkybox":true,"showFlares":true,"showImageEffects":true,"showParticleSystems":true},"in2DMode":false,"pivot":{"x":0.6260387897491455,"y":2.4997782707214357,"z":0.7376382350921631},"rotation":{"x":-0.005538984667509794,"y":0.9819822907447815,"z":-0.18662548065185548,"w":-0.02917448617517948},"size":36.73064422607422,"orthographic":false}