{"playerSpawnLocation":{"x":-4.159999847412109,"y":2.0399999618530275,"z":-3.200000047683716},"currentScene":"","targetScene":"","obtainedCollectibles":[3240636865425832420],"collectibleCounts":[8,0,0,0],"abilities":[]}