{"playerSpawnLocation":{"x":-268.9700012207031,"y":52.459999084472659,"z":470.03631591796877},"currentScene":"Initial Island 1","targetScene":"","saveIconIndex":0,"obtainedCollectibles":[3240636865425832420],"collectibleCounts":[2,0,0,0],"abilities":[]}